name,Metric,raw_value,scaled_value
Abbey Daniels,Country_Played_In,1.0,6.5
Allyn Jaffrey Shulman,Country_Played_In,7.0,57.0
Amanda Musumeci,Country_Played_In,5.0,49.5
Ana Marquez,Country_Played_In,15.0,94.0
Angelina Rich,Country_Played_In,11.0,85.0
Anna Antimony,Country_Played_In,2.0,18.5
Anna Wroblewski,Country_Played_In,3.0,31.0
Annette Obrestad,Country_Played_In,9.0,73.0
Annie Duke,Country_Played_In,3.0,31.0
Barbara Enright,Country_Played_In,5.0,49.5
Carla Sabini,Country_Played_In,4.0,42.0
Carmine Tirone,Country_Played_In,1.0,6.5
Carol Fuchs,Country_Played_In,1.0,6.5
Cate Hall,Country_Played_In,5.0,49.5
Catherine Dever,Country_Played_In,2.0,18.5
Celina Lin Pei Fei,Country_Played_In,9.0,73.0
Cherish Andrews,Country_Played_In,2.0,18.5
Christina Lindley,Country_Played_In,3.0,31.0
Clonie Gowen,Country_Played_In,3.0,31.0
Cyndy Violette,Country_Played_In,1.0,6.5
Elisabeth Hille,Country_Played_In,9.0,73.0
Ema Zajmovic,Country_Played_In,10.0,80.5
Erica Schoenberg,Country_Played_In,3.0,31.0
Esther Taylor,Country_Played_In,2.0,18.5
Fatima Moreira De Melo,Country_Played_In,15.0,94.0
Gaelle Baumann,Country_Played_In,14.0,91.5
Gao Wenling,Country_Played_In,8.0,64.0
Gloria Jackson,Country_Played_In,1.0,6.5
Haixia Zhang,Country_Played_In,1.0,6.5
Hui Chen Kuo,Country_Played_In,16.0,96.5
Isabel Baltazar,Country_Played_In,9.0,73.0
Isabelle Mercier,Country_Played_In,10.0,80.5
Jackqueline Glazier,Country_Played_In,4.0,42.0
Jamie Kerstetter,Country_Played_In,3.0,31.0
Jennifer Harman,Country_Played_In,5.0,49.5
Jennifer Tilly,Country_Played_In,7.0,57.0
Jessica Dawley,Country_Played_In,4.0,42.0
Joanne Liu,Country_Played_In,10.0,80.5
Kara Scott,Country_Played_In,9.0,73.0
Karina Jett,Country_Played_In,4.0,42.0
Kathy Lehne,Country_Played_In,3.0,31.0
Kathy Liebert,Country_Played_In,8.0,64.0
Kelly Minkin,Country_Played_In,2.0,18.5
Kristen Bicknell,Country_Played_In,16.0,96.5
Kristina Holst,Country_Played_In,2.0,18.5
Kristy Gazes,Country_Played_In,6.0,53.5
Kyna England,Country_Played_In,1.0,6.5
La Sengphet,Country_Played_In,1.0,6.5
Lauren Roberts,Country_Played_In,5.0,49.5
Leo Margets,Country_Played_In,12.0,88.0
Li Yan,Country_Played_In,9.0,73.0
Lika Gerasimova,Country_Played_In,8.0,64.0
Lily Kiletto,Country_Played_In,4.0,42.0
Linglin Zeng,Country_Played_In,4.0,42.0
Lisa Hamilton,Country_Played_In,3.0,31.0
Lisa Meredith,Country_Played_In,1.0,6.5
Liv Boeree,Country_Played_In,22.0,100.0
Liz Lieu,Country_Played_In,8.0,64.0
Loni Harwood,Country_Played_In,3.0,31.0
Louise Francoeur,Country_Played_In,4.0,42.0
Lucille Cailly,Country_Played_In,7.0,57.0
Lucy Rokach,Country_Played_In,9.0,73.0
Lynne Beaumont,Country_Played_In,5.0,49.5
Maria Constanza Lampropulos,Country_Played_In,18.0,99.0
Maria Ho,Country_Played_In,15.0,94.0
Marsha Waggoner,Country_Played_In,8.0,64.0
Marsha Wolak,Country_Played_In,1.0,6.5
Maureen Feduniak,Country_Played_In,2.0,18.5
Melanie Banfield,Country_Played_In,3.0,31.0
Melanie Weisner,Country_Played_In,13.0,90.0
Melissa Hayden,Country_Played_In,7.0,57.0
Mimi Luu,Country_Played_In,1.0,6.5
Mimi Tran,Country_Played_In,2.0,18.5
Nadya Magnus,Country_Played_In,2.0,18.5
Nancy Birnbaum,Country_Played_In,3.0,31.0
Nani Dollison,Country_Played_In,2.0,18.5
Natalya Nikitina,Country_Played_In,10.0,80.5
Natasha Mercier,Country_Played_In,6.0,53.5
Ness Reilly,Country_Played_In,4.0,42.0
Ronit Chamani,Country_Played_In,8.0,64.0
Samantha Abernathy,Country_Played_In,2.0,18.5
Samantha Cohen,Country_Played_In,12.0,88.0
Sandra Naujoks,Country_Played_In,9.0,73.0
Sara Stohler,Country_Played_In,1.0,6.5
Shirley Rosario,Country_Played_In,2.0,18.5
Sixiao Li,Country_Played_In,10.0,80.5
Sosia Jiang,Country_Played_In,8.0,64.0
Svetlana Gromenkova,Country_Played_In,3.0,31.0
Thi Xoa Nguyen,Country_Played_In,11.0,85.0
Tiffany Williamson,Country_Played_In,3.0,31.0
Vanessa Rousso,Country_Played_In,12.0,88.0
Vanessa Selbst,Country_Played_In,14.0,91.5
Victoria Coren Mitchell,Country_Played_In,9.0,73.0
Vivian Im,Country_Played_In,8.0,64.0
Vivian Saliba,Country_Played_In,8.0,64.0
Wendy Freedman,Country_Played_In,4.0,42.0
Xuan Liu,Country_Played_In,11.0,85.0
Xuyen Pham,Country_Played_In,10.0,80.5
Yaxi Zhu,Country_Played_In,7.0,57.0
Yuri Ishida,Country_Played_In,17.0,98.0
Abbey Daniels,Total_Prize_Money,713438.0,36.0
Allyn Jaffrey Shulman,Total_Prize_Money,1568871.0,77.0
Amanda Musumeci,Total_Prize_Money,1103874.0,60.0
Ana Marquez,Total_Prize_Money,1891934.0,83.0
Angelina Rich,Total_Prize_Money,578802.0,19.0
Anna Antimony,Total_Prize_Money,719796.0,37.0
Anna Wroblewski,Total_Prize_Money,1130494.0,62.0
Annette Obrestad,Total_Prize_Money,3942232.0,95.0
Annie Duke,Total_Prize_Money,4270548.0,96.0
Barbara Enright,Total_Prize_Money,1739867.0,80.0
Carla Sabini,Total_Prize_Money,559415.0,15.0
Carmine Tirone,Total_Prize_Money,509345.0,5.0
Carol Fuchs,Total_Prize_Money,608729.0,26.0
Cate Hall,Total_Prize_Money,1090203.0,59.0
Catherine Dever,Total_Prize_Money,507660.0,4.0
Celina Lin Pei Fei,Total_Prize_Money,1029678.0,56.0
Cherish Andrews,Total_Prize_Money,629885.0,29.0
Christina Lindley,Total_Prize_Money,536988.0,10.0
Clonie Gowen,Total_Prize_Money,1639064.0,79.0
Cyndy Violette,Total_Prize_Money,1407044.0,72.0
Elisabeth Hille,Total_Prize_Money,684593.0,34.0
Ema Zajmovic,Total_Prize_Money,1148263.0,63.0
Erica Schoenberg,Total_Prize_Money,902667.0,49.0
Esther Taylor,Total_Prize_Money,1749510.0,81.0
Fatima Moreira De Melo,Total_Prize_Money,577274.0,18.0
Gaelle Baumann,Total_Prize_Money,1237029.0,66.0
Gao Wenling,Total_Prize_Money,3439822.0,92.0
Gloria Jackson,Total_Prize_Money,670542.0,33.0
Haixia Zhang,Total_Prize_Money,553905.0,13.0
Hui Chen Kuo,Total_Prize_Money,2571585.0,86.0
Isabel Baltazar,Total_Prize_Money,845070.0,44.0
Isabelle Mercier,Total_Prize_Money,1233911.0,65.0
Jackqueline Glazier,Total_Prize_Money,1423069.0,73.0
Jamie Kerstetter,Total_Prize_Money,710067.0,35.0
Jennifer Harman,Total_Prize_Money,2768839.0,88.0
Jennifer Tilly,Total_Prize_Money,1034348.0,57.0
Jessica Dawley,Total_Prize_Money,1124489.0,61.0
Joanne Liu,Total_Prize_Money,3425574.0,91.0
Kara Scott,Total_Prize_Money,664795.0,32.0
Karina Jett,Total_Prize_Money,545131.0,12.0
Kathy Lehne,Total_Prize_Money,2765938.0,87.0
Kathy Liebert,Total_Prize_Money,6465318.0,98.0
Kelly Minkin,Total_Prize_Money,1523139.0,74.0
Kristen Bicknell,Total_Prize_Money,6588238.0,99.0
Kristina Holst,Total_Prize_Money,637608.0,30.0
Kristy Gazes,Total_Prize_Money,1048726.0,58.0
Kyna England,Total_Prize_Money,573938.0,17.0
La Sengphet,Total_Prize_Money,582207.0,21.0
Lauren Roberts,Total_Prize_Money,920239.0,52.0
Leo Margets,Total_Prize_Money,1244940.0,67.0
Li Yan,Total_Prize_Money,846825.0,45.0
Lika Gerasimova,Total_Prize_Money,511115.0,6.0
Lily Kiletto,Total_Prize_Money,881470.0,46.0
Linglin Zeng,Total_Prize_Money,909423.0,50.0
Lisa Hamilton,Total_Prize_Money,1330878.0,70.0
Lisa Meredith,Total_Prize_Money,520003.0,8.0
Liv Boeree,Total_Prize_Money,3918486.0,94.0
Liz Lieu,Total_Prize_Money,794677.0,43.0
Loni Harwood,Total_Prize_Money,3185210.0,89.0
Louise Francoeur,Total_Prize_Money,741740.0,38.0
Lucille Cailly,Total_Prize_Money,1547204.0,75.0
Lucy Rokach,Total_Prize_Money,1338765.0,71.0
Lynne Beaumont,Total_Prize_Money,597456.0,24.0
Maria Constanza Lampropulos,Total_Prize_Money,3404216.0,90.0
Maria Ho,Total_Prize_Money,4275638.0,97.0
Marsha Waggoner,Total_Prize_Money,956006.0,55.0
Marsha Wolak,Total_Prize_Money,751646.0,40.0
Maureen Feduniak,Total_Prize_Money,503040.0,2.0
Melanie Banfield,Total_Prize_Money,610829.0,27.0
Melanie Weisner,Total_Prize_Money,913529.0,51.0
Melissa Hayden,Total_Prize_Money,890104.0,47.0
Mimi Luu,Total_Prize_Money,659268.0,31.0
Mimi Tran,Total_Prize_Money,1627369.0,78.0
Nadya Magnus,Total_Prize_Money,1253680.0,68.0
Nancy Birnbaum,Total_Prize_Money,896457.0,48.0
Nani Dollison,Total_Prize_Money,776992.0,41.0
Natalya Nikitina,Total_Prize_Money,788966.0,42.0
Natasha Mercier,Total_Prize_Money,1211463.0,64.0
Ness Reilly,Total_Prize_Money,626497.0,28.0
Ronit Chamani,Total_Prize_Money,953797.0,54.0
Samantha Abernathy,Total_Prize_Money,580164.0,20.0
Samantha Cohen,Total_Prize_Money,941580.0,53.0
Sandra Naujoks,Total_Prize_Money,1789239.0,82.0
Sara Stohler,Total_Prize_Money,557322.0,14.0
Shirley Rosario,Total_Prize_Money,608680.0,25.0
Sixiao Li,Total_Prize_Money,749086.0,39.0
Sosia Jiang,Total_Prize_Money,1566934.0,76.0
Svetlana Gromenkova,Total_Prize_Money,585137.0,22.0
Thi Xoa Nguyen,Total_Prize_Money,559490.0,16.0
Tiffany Williamson,Total_Prize_Money,503022.0,1.0
Vanessa Rousso,Total_Prize_Money,3554327.0,93.0
Vanessa Selbst,Total_Prize_Money,11906247.0,100.0
Victoria Coren Mitchell,Total_Prize_Money,2500916.0,85.0
Vivian Im,Total_Prize_Money,537831.0,11.0
Vivian Saliba,Total_Prize_Money,593262.0,23.0
Wendy Freedman,Total_Prize_Money,1272685.0,69.0
Xuan Liu,Total_Prize_Money,1988460.0,84.0
Xuyen Pham,Total_Prize_Money,519570.0,7.0
Yaxi Zhu,Total_Prize_Money,506759.0,3.0
Yuri Ishida,Total_Prize_Money,521236.0,9.0
Abbey Daniels,Biggest_win,286819.0,52.0
Allyn Jaffrey Shulman,Biggest_win,603713.0,87.0
Amanda Musumeci,Biggest_win,481643.0,78.0
Ana Marquez,Biggest_win,445000.0,73.0
Angelina Rich,Biggest_win,304386.0,56.0
Anna Antimony,Biggest_win,126146.0,22.0
Anna Wroblewski,Biggest_win,337395.0,60.0
Annette Obrestad,Biggest_win,2013733.0,99.0
Annie Duke,Biggest_win,2000000.0,98.0
Barbara Enright,Biggest_win,180000.0,36.0
Carla Sabini,Biggest_win,214543.0,43.0
Carmine Tirone,Biggest_win,267300.0,50.0
Carol Fuchs,Biggest_win,127735.0,23.0
Cate Hall,Biggest_win,291320.0,53.0
Catherine Dever,Biggest_win,41979.0,2.0
Celina Lin Pei Fei,Biggest_win,110077.0,18.0
Cherish Andrews,Biggest_win,210083.0,42.0
Christina Lindley,Biggest_win,112590.0,19.0
Clonie Gowen,Biggest_win,437775.0,71.0
Cyndy Violette,Biggest_win,295970.0,54.0
Elisabeth Hille,Biggest_win,590442.0,83.5
Ema Zajmovic,Biggest_win,424511.0,69.0
Erica Schoenberg,Biggest_win,261646.0,48.0
Esther Taylor,Biggest_win,543713.0,82.0
Fatima Moreira De Melo,Biggest_win,95750.0,10.0
Gaelle Baumann,Biggest_win,590442.0,83.5
Gao Wenling,Biggest_win,2748605.0,100.0
Gloria Jackson,Biggest_win,106724.0,16.0
Haixia Zhang,Biggest_win,165492.0,32.0
Hui Chen Kuo,Biggest_win,248380.0,46.0
Isabel Baltazar,Biggest_win,105169.0,14.0
Isabelle Mercier,Biggest_win,341862.0,61.0
Jackqueline Glazier,Biggest_win,458996.0,76.0
Jamie Kerstetter,Biggest_win,44937.0,3.0
Jennifer Harman,Biggest_win,383840.0,64.0
Jennifer Tilly,Biggest_win,158335.0,31.0
Jessica Dawley,Biggest_win,204610.0,41.0
Joanne Liu,Biggest_win,600000.0,85.5
Kara Scott,Biggest_win,413612.0,68.0
Karina Jett,Biggest_win,120000.0,20.0
Kathy Lehne,Biggest_win,1785000.0,96.0
Kathy Liebert,Biggest_win,1000000.0,91.0
Kelly Minkin,Biggest_win,262912.0,49.0
Kristen Bicknell,Biggest_win,408000.0,67.0
Kristina Holst,Biggest_win,126000.0,21.0
Kristy Gazes,Biggest_win,250000.0,47.0
Kyna England,Biggest_win,448755.0,74.0
La Sengphet,Biggest_win,100000.0,11.5
Lauren Roberts,Biggest_win,218400.0,44.0
Leo Margets,Biggest_win,352832.0,63.0
Li Yan,Biggest_win,103192.0,13.0
Lika Gerasimova,Biggest_win,142688.0,27.0
Lily Kiletto,Biggest_win,191880.0,38.0
Linglin Zeng,Biggest_win,393506.0,65.0
Lisa Hamilton,Biggest_win,451880.0,75.0
Lisa Meredith,Biggest_win,500000.0,80.0
Liv Boeree,Biggest_win,1698300.0,95.0
Liz Lieu,Biggest_win,168590.0,34.0
Loni Harwood,Biggest_win,609017.0,88.0
Louise Francoeur,Biggest_win,49108.0,4.0
Lucille Cailly,Biggest_win,1386267.0,94.0
Lucy Rokach,Biggest_win,91314.0,9.0
Lynne Beaumont,Biggest_win,273090.0,51.0
Maria Constanza Lampropulos,Biggest_win,1255004.0,93.0
Maria Ho,Biggest_win,540020.0,81.0
Marsha Waggoner,Biggest_win,100000.0,11.5
Marsha Wolak,Biggest_win,192344.0,39.0
Maureen Feduniak,Biggest_win,108564.0,17.0
Melanie Banfield,Biggest_win,134756.0,25.0
Melanie Weisner,Biggest_win,51820.0,6.0
Melissa Hayden,Biggest_win,142000.0,26.0
Mimi Luu,Biggest_win,105500.0,15.0
Mimi Tran,Biggest_win,472228.0,77.0
Nadya Magnus,Biggest_win,171642.0,35.0
Nancy Birnbaum,Biggest_win,51269.0,5.0
Nani Dollison,Biggest_win,441440.0,72.0
Natalya Nikitina,Biggest_win,332624.0,59.0
Natasha Mercier,Biggest_win,348374.0,62.0
Ness Reilly,Biggest_win,182249.0,37.0
Ronit Chamani,Biggest_win,198067.0,40.0
Samantha Abernathy,Biggest_win,437543.0,70.0
Samantha Cohen,Biggest_win,154419.0,30.0
Sandra Naujoks,Biggest_win,1159541.0,92.0
Sara Stohler,Biggest_win,66000.0,7.0
Shirley Rosario,Biggest_win,146522.0,28.0
Sixiao Li,Biggest_win,313895.0,58.0
Sosia Jiang,Biggest_win,498073.0,79.0
Svetlana Gromenkova,Biggest_win,224702.0,45.0
Thi Xoa Nguyen,Biggest_win,76112.0,8.0
Tiffany Williamson,Biggest_win,400000.0,66.0
Vanessa Rousso,Biggest_win,700160.0,89.0
Vanessa Selbst,Biggest_win,1823430.0,97.0
Victoria Coren Mitchell,Biggest_win,941513.0,90.0
Vivian Im,Biggest_win,134142.0,24.0
Vivian Saliba,Biggest_win,308888.0,57.0
Wendy Freedman,Biggest_win,167696.0,33.0
Xuan Liu,Biggest_win,600000.0,85.5
Xuyen Pham,Biggest_win,302477.0,55.0
Yaxi Zhu,Biggest_win,147979.0,29.0
Yuri Ishida,Biggest_win,41635.0,1.0
Abbey Daniels,Length_of_Career,10.653196164192282,34.0
Allyn Jaffrey Shulman,Length_of_Career,19.983983244009117,90.0
Amanda Musumeci,Length_of_Career,6.267069138996694,9.0
Ana Marquez,Length_of_Career,11.22815663565987,38.0
Angelina Rich,Length_of_Career,7.510078920169476,16.0
Anna Antimony,Length_of_Career,13.128264098509893,60.0
Anna Wroblewski,Length_of_Career,12.274037112329479,49.0
Annette Obrestad,Length_of_Career,11.737407338959732,42.0
Annie Duke,Length_of_Career,17.90591182570484,84.0
Barbara Enright,Length_of_Career,35.789920395353775,100.0
Carla Sabini,Length_of_Career,7.463534501050672,15.0
Carmine Tirone,Length_of_Career,15.857957384477436,79.0
Carol Fuchs,Length_of_Career,17.681403451131782,83.0
Cate Hall,Length_of_Career,6.71334798113582,11.0
Catherine Dever,Length_of_Career,12.564255255070261,54.0
Celina Lin Pei Fei,Length_of_Career,11.677173384805984,41.0
Cherish Andrews,Length_of_Career,12.91470735196479,56.0
Christina Lindley,Length_of_Career,13.0789817723841,59.0
Clonie Gowen,Length_of_Career,6.261593324982717,8.0
Cyndy Violette,Length_of_Career,33.572215719693084,98.0
Elisabeth Hille,Length_of_Career,7.13772356721904,13.0
Ema Zajmovic,Length_of_Career,9.886582202235502,28.0
Erica Schoenberg,Length_of_Career,14.278185041445067,68.0
Esther Taylor,Length_of_Career,15.074915980478721,72.0
Fatima Moreira De Melo,Length_of_Career,9.965981505438167,29.0
Gaelle Baumann,Length_of_Career,8.703806375216466,21.0
Gao Wenling,Length_of_Career,7.0966549621142105,12.0
Gloria Jackson,Length_of_Career,9.4101863830195,25.0
Haixia Zhang,Length_of_Career,10.902345701828237,35.0
Hui Chen Kuo,Length_of_Career,13.872974804410768,65.0
Isabel Baltazar,Length_of_Career,13.051602702314216,58.0
Isabelle Mercier,Length_of_Career,14.502693416018126,71.0
Jackqueline Glazier,Length_of_Career,12.903755723936836,55.0
Jamie Kerstetter,Length_of_Career,12.53413827799339,53.0
Jennifer Harman,Length_of_Career,27.762377050863467,97.0
Jennifer Tilly,Length_of_Career,15.595118311806539,76.0
Jessica Dawley,Length_of_Career,14.190572017221434,67.0
Joanne Liu,Length_of_Career,25.4433698159442,95.0
Kara Scott,Length_of_Career,11.811330828148423,44.0
Karina Jett,Length_of_Career,19.658172310177484,89.0
Kathy Lehne,Length_of_Career,12.49580757989555,52.0
Kathy Liebert,Length_of_Career,27.247650533549628,96.0
Kelly Minkin,Length_of_Career,8.14527334579081,19.0
Kristen Bicknell,Length_of_Career,15.222762958856105,74.0
Kristina Holst,Length_of_Career,12.085121528847273,47.0
Kristy Gazes,Length_of_Career,20.788927904063737,92.0
Kyna England,Length_of_Career,2.8939677063868525,2.0
La Sengphet,Length_of_Career,15.269307377974908,75.0
Lauren Roberts,Length_of_Career,9.418400104040467,26.0
Leo Margets,Length_of_Career,12.268561298315502,48.0
Li Yan,Length_of_Career,6.23695216191982,6.0
Lika Gerasimova,Length_of_Career,13.552639684593112,63.0
Lily Kiletto,Length_of_Career,10.502611278807915,33.0
Linglin Zeng,Length_of_Career,6.25611751096874,7.0
Lisa Hamilton,Length_of_Career,12.361650136553113,51.0
Lisa Meredith,Length_of_Career,2.2067530476327373,1.0
Liv Boeree,Length_of_Career,13.541688056565157,62.0
Liz Lieu,Length_of_Career,8.257527533077338,20.0
Loni Harwood,Length_of_Career,13.276111076887274,61.0
Louise Francoeur,Length_of_Career,15.77855808127477,77.0
Lucille Cailly,Length_of_Career,5.637350527389337,5.0
Lucy Rokach,Length_of_Career,21.07914604680452,93.0
Lynne Beaumont,Length_of_Career,15.852481570463457,78.0
Maria Constanza Lampropulos,Length_of_Career,6.699658446100878,10.0
Maria Ho,Length_of_Career,16.7477771617487,82.0
Marsha Waggoner,Length_of_Career,35.14925015571846,99.0
Marsha Wolak,Length_of_Career,11.50194733635872,40.0
Maureen Feduniak,Length_of_Career,17.911387639718818,85.0
Melanie Banfield,Length_of_Career,10.332861044374628,31.0
Melanie Weisner,Length_of_Career,11.931798736455915,46.0
Melissa Hayden,Length_of_Career,24.392013525260616,94.0
Mimi Luu,Length_of_Career,18.869655092164795,87.0
Mimi Tran,Length_of_Career,20.348124875938588,91.0
Nadya Magnus,Length_of_Career,12.95030014305564,57.0
Nancy Birnbaum,Length_of_Career,15.088605515513665,73.0
Nani Dollison,Length_of_Career,10.965317562988973,37.0
Natalya Nikitina,Length_of_Career,10.926986864891134,36.0
Natasha Mercier,Length_of_Career,10.130255925857478,30.0
Ness Reilly,Length_of_Career,12.358912229546123,50.0
Ronit Chamani,Length_of_Career,14.415080391794493,70.0
Samantha Abernathy,Length_of_Career,7.7619663648124195,18.0
Samantha Cohen,Length_of_Career,11.31850756689049,39.0
Sandra Naujoks,Length_of_Career,4.679083074943359,4.0
Sara Stohler,Length_of_Career,14.29187457648001,69.0
Shirley Rosario,Length_of_Career,19.395333237506588,88.0
Sixiao Li,Length_of_Career,7.578526595344189,17.0
Sosia Jiang,Length_of_Career,8.783205678419133,22.0
Svetlana Gromenkova,Length_of_Career,16.03592133993169,80.0
Thi Xoa Nguyen,Length_of_Career,10.47523220873803,32.0
Tiffany Williamson,Length_of_Career,9.021403588027132,23.0
Vanessa Rousso,Length_of_Career,11.8879922243441,45.0
Vanessa Selbst,Length_of_Career,13.642990615823734,64.0
Victoria Coren Mitchell,Length_of_Career,18.582174856431003,86.0
Vivian Im,Length_of_Career,11.74014524596672,43.0
Vivian Saliba,Length_of_Career,7.2280744984496605,14.0
Wendy Freedman,Length_of_Career,9.705880339774259,27.0
Xuan Liu,Length_of_Career,13.892140153459687,66.0
Xuyen Pham,Length_of_Career,16.59993018337132,81.0
Yaxi Zhu,Length_of_Career,3.370363525602853,3.0
Yuri Ishida,Length_of_Career,9.278766846684052,24.0
Abbey Daniels,Number_of_Events,124.0,84.0
Allyn Jaffrey Shulman,Number_of_Events,135.0,86.0
Amanda Musumeci,Number_of_Events,71.0,51.0
Ana Marquez,Number_of_Events,87.0,70.0
Angelina Rich,Number_of_Events,50.0,33.0
Anna Antimony,Number_of_Events,95.0,75.0
Anna Wroblewski,Number_of_Events,65.0,47.5
Annette Obrestad,Number_of_Events,72.0,53.5
Annie Duke,Number_of_Events,79.0,61.5
Barbara Enright,Number_of_Events,289.0,99.0
Carla Sabini,Number_of_Events,41.0,24.5
Carmine Tirone,Number_of_Events,20.0,6.0
Carol Fuchs,Number_of_Events,77.0,59.5
Cate Hall,Number_of_Events,57.0,41.0
Catherine Dever,Number_of_Events,93.0,73.5
Celina Lin Pei Fei,Number_of_Events,120.0,82.0
Cherish Andrews,Number_of_Events,43.0,28.5
Christina Lindley,Number_of_Events,71.0,51.0
Clonie Gowen,Number_of_Events,42.0,26.5
Cyndy Violette,Number_of_Events,80.0,63.5
Elisabeth Hille,Number_of_Events,23.0,7.0
Ema Zajmovic,Number_of_Events,28.0,12.0
Erica Schoenberg,Number_of_Events,64.0,46.0
Esther Taylor,Number_of_Events,77.0,59.5
Fatima Moreira De Melo,Number_of_Events,51.0,34.5
Gaelle Baumann,Number_of_Events,53.0,36.5
Gao Wenling,Number_of_Events,39.0,22.5
Gloria Jackson,Number_of_Events,122.0,83.0
Haixia Zhang,Number_of_Events,46.0,30.5
Hui Chen Kuo,Number_of_Events,126.0,85.0
Isabel Baltazar,Number_of_Events,98.0,77.0
Isabelle Mercier,Number_of_Events,48.0,32.0
Jackqueline Glazier,Number_of_Events,79.0,61.5
Jamie Kerstetter,Number_of_Events,166.0,92.0
Jennifer Harman,Number_of_Events,93.0,73.5
Jennifer Tilly,Number_of_Events,61.0,43.0
Jessica Dawley,Number_of_Events,92.0,72.0
Joanne Liu,Number_of_Events,287.0,98.0
Kara Scott,Number_of_Events,25.0,9.5
Karina Jett,Number_of_Events,53.0,36.5
Kathy Lehne,Number_of_Events,9.0,2.0
Kathy Liebert,Number_of_Events,397.0,100.0
Kelly Minkin,Number_of_Events,73.0,55.5
Kristen Bicknell,Number_of_Events,150.0,88.0
Kristina Holst,Number_of_Events,27.0,11.0
Kristy Gazes,Number_of_Events,55.0,39.0
Kyna England,Number_of_Events,25.0,9.5
La Sengphet,Number_of_Events,82.0,67.0
Lauren Roberts,Number_of_Events,30.0,13.5
Leo Margets,Number_of_Events,75.0,58.0
Li Yan,Number_of_Events,71.0,51.0
Lika Gerasimova,Number_of_Events,32.0,16.0
Lily Kiletto,Number_of_Events,73.0,55.5
Linglin Zeng,Number_of_Events,35.0,20.0
Lisa Hamilton,Number_of_Events,42.0,26.5
Lisa Meredith,Number_of_Events,5.0,1.0
Liv Boeree,Number_of_Events,103.0,78.0
Liz Lieu,Number_of_Events,34.0,18.0
Loni Harwood,Number_of_Events,156.0,91.0
Louise Francoeur,Number_of_Events,221.0,96.0
Lucille Cailly,Number_of_Events,14.0,3.0
Lucy Rokach,Number_of_Events,90.0,71.0
Lynne Beaumont,Number_of_Events,153.0,89.0
Maria Constanza Lampropulos,Number_of_Events,97.0,76.0
Maria Ho,Number_of_Events,154.0,90.0
Marsha Waggoner,Number_of_Events,176.0,93.0
Marsha Wolak,Number_of_Events,177.0,94.0
Maureen Feduniak,Number_of_Events,41.0,24.5
Melanie Banfield,Number_of_Events,56.0,40.0
Melanie Weisner,Number_of_Events,74.0,57.0
Melissa Hayden,Number_of_Events,82.0,67.0
Mimi Luu,Number_of_Events,35.0,20.0
Mimi Tran,Number_of_Events,82.0,67.0
Nadya Magnus,Number_of_Events,112.0,80.5
Nancy Birnbaum,Number_of_Events,230.0,97.0
Nani Dollison,Number_of_Events,30.0,13.5
Natalya Nikitina,Number_of_Events,35.0,20.0
Natasha Mercier,Number_of_Events,80.0,63.5
Ness Reilly,Number_of_Events,33.0,17.0
Ronit Chamani,Number_of_Events,81.0,65.0
Samantha Abernathy,Number_of_Events,58.0,42.0
Samantha Cohen,Number_of_Events,72.0,53.5
Sandra Naujoks,Number_of_Events,24.0,8.0
Sara Stohler,Number_of_Events,112.0,80.5
Shirley Rosario,Number_of_Events,105.0,79.0
Sixiao Li,Number_of_Events,65.0,47.5
Sosia Jiang,Number_of_Events,31.0,15.0
Svetlana Gromenkova,Number_of_Events,63.0,44.5
Thi Xoa Nguyen,Number_of_Events,51.0,34.5
Tiffany Williamson,Number_of_Events,17.0,4.5
Vanessa Rousso,Number_of_Events,68.0,49.0
Vanessa Selbst,Number_of_Events,86.0,69.0
Victoria Coren Mitchell,Number_of_Events,63.0,44.5
Vivian Im,Number_of_Events,46.0,30.5
Vivian Saliba,Number_of_Events,43.0,28.5
Wendy Freedman,Number_of_Events,187.0,95.0
Xuan Liu,Number_of_Events,54.0,38.0
Xuyen Pham,Number_of_Events,39.0,22.5
Yaxi Zhu,Number_of_Events,17.0,4.5
Yuri Ishida,Number_of_Events,147.0,87.0
Abbey Daniels,Percent_of_Events_won,4.838709677419355,47.0
Allyn Jaffrey Shulman,Percent_of_Events_won,5.185185185185185,52.0
Amanda Musumeci,Percent_of_Events_won,4.225352112676056,40.0
Ana Marquez,Percent_of_Events_won,2.2988505747126435,18.0
Angelina Rich,Percent_of_Events_won,6.0,55.0
Anna Antimony,Percent_of_Events_won,4.2105263157894735,39.0
Anna Wroblewski,Percent_of_Events_won,9.230769230769232,73.0
Annette Obrestad,Percent_of_Events_won,16.666666666666664,93.5
Annie Duke,Percent_of_Events_won,8.860759493670885,72.0
Barbara Enright,Percent_of_Events_won,12.110726643598616,86.0
Carla Sabini,Percent_of_Events_won,4.878048780487805,49.0
Carmine Tirone,Percent_of_Events_won,5.0,50.0
Carol Fuchs,Percent_of_Events_won,11.688311688311687,82.0
Cate Hall,Percent_of_Events_won,0.0,4.5
Catherine Dever,Percent_of_Events_won,6.451612903225806,61.5
Celina Lin Pei Fei,Percent_of_Events_won,7.5,66.5
Cherish Andrews,Percent_of_Events_won,0.0,4.5
Christina Lindley,Percent_of_Events_won,2.8169014084507045,24.0
Clonie Gowen,Percent_of_Events_won,14.285714285714285,90.5
Cyndy Violette,Percent_of_Events_won,6.25,59.0
Elisabeth Hille,Percent_of_Events_won,4.3478260869565215,42.0
Ema Zajmovic,Percent_of_Events_won,3.571428571428571,28.5
Erica Schoenberg,Percent_of_Events_won,1.5625,10.0
Esther Taylor,Percent_of_Events_won,1.2987012987012987,9.0
Fatima Moreira De Melo,Percent_of_Events_won,1.9607843137254901,15.0
Gaelle Baumann,Percent_of_Events_won,0.0,4.5
Gao Wenling,Percent_of_Events_won,2.564102564102564,22.0
Gloria Jackson,Percent_of_Events_won,4.098360655737705,38.0
Haixia Zhang,Percent_of_Events_won,2.1739130434782608,16.5
Hui Chen Kuo,Percent_of_Events_won,3.968253968253968,33.0
Isabel Baltazar,Percent_of_Events_won,4.081632653061225,37.0
Isabelle Mercier,Percent_of_Events_won,8.333333333333332,69.0
Jackqueline Glazier,Percent_of_Events_won,11.39240506329114,79.0
Jamie Kerstetter,Percent_of_Events_won,1.8072289156626504,13.0
Jennifer Harman,Percent_of_Events_won,6.451612903225806,61.5
Jennifer Tilly,Percent_of_Events_won,11.475409836065573,80.0
Jessica Dawley,Percent_of_Events_won,2.1739130434782608,16.5
Joanne Liu,Percent_of_Events_won,11.498257839721255,81.0
Kara Scott,Percent_of_Events_won,12.0,85.0
Karina Jett,Percent_of_Events_won,1.8867924528301887,14.0
Kathy Lehne,Percent_of_Events_won,11.11111111111111,78.0
Kathy Liebert,Percent_of_Events_won,7.052896725440807,64.0
Kelly Minkin,Percent_of_Events_won,2.73972602739726,23.0
Kristen Bicknell,Percent_of_Events_won,6.666666666666667,63.0
Kristina Holst,Percent_of_Events_won,0.0,4.5
Kristy Gazes,Percent_of_Events_won,3.6363636363636362,30.0
Kyna England,Percent_of_Events_won,4.0,34.5
La Sengphet,Percent_of_Events_won,9.75609756097561,76.0
Lauren Roberts,Percent_of_Events_won,3.3333333333333335,27.0
Leo Margets,Percent_of_Events_won,4.0,34.5
Li Yan,Percent_of_Events_won,9.859154929577464,77.0
Lika Gerasimova,Percent_of_Events_won,3.125,26.0
Lily Kiletto,Percent_of_Events_won,0.0,4.5
Linglin Zeng,Percent_of_Events_won,2.857142857142857,25.0
Lisa Hamilton,Percent_of_Events_won,2.380952380952381,19.0
Lisa Meredith,Percent_of_Events_won,20.0,97.5
Liv Boeree,Percent_of_Events_won,4.854368932038835,48.0
Liz Lieu,Percent_of_Events_won,11.76470588235294,83.5
Loni Harwood,Percent_of_Events_won,6.41025641025641,60.0
Louise Francoeur,Percent_of_Events_won,7.239819004524888,65.0
Lucille Cailly,Percent_of_Events_won,14.285714285714285,90.5
Lucy Rokach,Percent_of_Events_won,32.22222222222222,100.0
Lynne Beaumont,Percent_of_Events_won,12.418300653594772,87.0
Maria Constanza Lampropulos,Percent_of_Events_won,6.185567010309279,58.0
Maria Ho,Percent_of_Events_won,5.194805194805195,53.0
Marsha Waggoner,Percent_of_Events_won,5.113636363636364,51.0
Marsha Wolak,Percent_of_Events_won,4.519774011299435,44.0
Maureen Feduniak,Percent_of_Events_won,2.4390243902439024,20.5
Melanie Banfield,Percent_of_Events_won,1.7857142857142856,11.5
Melanie Weisner,Percent_of_Events_won,4.054054054054054,36.0
Melissa Hayden,Percent_of_Events_won,6.097560975609756,57.0
Mimi Luu,Percent_of_Events_won,8.571428571428571,70.0
Mimi Tran,Percent_of_Events_won,2.4390243902439024,20.5
Nadya Magnus,Percent_of_Events_won,1.7857142857142856,11.5
Nancy Birnbaum,Percent_of_Events_won,4.3478260869565215,42.0
Nani Dollison,Percent_of_Events_won,20.0,97.5
Natalya Nikitina,Percent_of_Events_won,5.714285714285714,54.0
Natasha Mercier,Percent_of_Events_won,7.5,66.5
Ness Reilly,Percent_of_Events_won,6.0606060606060606,56.0
Ronit Chamani,Percent_of_Events_won,3.7037037037037033,31.0
Samantha Abernathy,Percent_of_Events_won,22.413793103448278,99.0
Samantha Cohen,Percent_of_Events_won,0.0,4.5
Sandra Naujoks,Percent_of_Events_won,16.666666666666664,93.5
Sara Stohler,Percent_of_Events_won,3.571428571428571,28.5
Shirley Rosario,Percent_of_Events_won,15.238095238095239,92.0
Sixiao Li,Percent_of_Events_won,4.615384615384616,45.0
Sosia Jiang,Percent_of_Events_won,12.903225806451612,88.0
Svetlana Gromenkova,Percent_of_Events_won,4.761904761904762,46.0
Thi Xoa Nguyen,Percent_of_Events_won,0.0,4.5
Tiffany Williamson,Percent_of_Events_won,11.76470588235294,83.5
Vanessa Rousso,Percent_of_Events_won,13.23529411764706,89.0
Vanessa Selbst,Percent_of_Events_won,17.441860465116278,95.0
Victoria Coren Mitchell,Percent_of_Events_won,9.523809523809524,75.0
Vivian Im,Percent_of_Events_won,4.3478260869565215,42.0
Vivian Saliba,Percent_of_Events_won,0.0,4.5
Wendy Freedman,Percent_of_Events_won,3.7433155080213902,32.0
Xuan Liu,Percent_of_Events_won,9.25925925925926,74.0
Xuyen Pham,Percent_of_Events_won,7.6923076923076925,68.0
Yaxi Zhu,Percent_of_Events_won,17.647058823529413,96.0
Yuri Ishida,Percent_of_Events_won,8.843537414965986,71.0
